title,year,RT rating,genres,plot
The Godfather,1972,97%,,The aging patriarch of an organized crime dynasty transfers control of his clandestine empire to his reluctant son.
Casablanca,1942,99%,,A cynical expatriate American cafe owner struggles to decide whether or not to help his former lover and her fugitive husband escape the Nazis in French Morocco.
L.A. Confidential,1997,99%,,"As corruption grows in 1950s Los Angeles, three policemen - one strait-laced, one brutal, and one sleazy - investigate a series of murders with their own brand of justice."
Seven Samurai,1954,100%,,"Farmers from a village exploited by bandits hire a veteran samurai for protection, and he gathers six other samurai to join him."
Parasite,2019,99%,,Greed and class discrimination threaten the newly formed symbiotic relationship between the wealthy Park family and the destitute Kim clan.
Schindler's List,1993,98%,,"In German-occupied Poland during World War II, industrialist Oskar Schindler gradually becomes concerned for his Jewish workforce after witnessing their persecution by the Nazis."
Top Gun: Maverick,2022,96%,,"The story involves Maverick confronting his past while training a group of younger Top Gun graduates, including the son of his deceased best friend, for a dangerous mission."
Chinatown,1974,98%,,"A private detective hired to expose an adulterer in 1930s Los Angeles finds himself caught up in a web of deceit, corruption, and murder."
On the Waterfront,1954,99%,,"An ex-prize fighter turned New Jersey longshoreman struggles to stand up to his corrupt union bosses, including his older brother, as he starts to connect with the grieving sister of one of the syndicate's victims."
Toy Story 2,1999,100%,,"When Woody is stolen by a toy collector, Buzz and his friends set out on a rescue mission to save Woody before he becomes a museum toy property with his roundup gang Jessie, Prospector, and Bullseye."
Rear Window,1954,99%,,A bored photographer recovering from a broken leg passes the time by watching his neighbors and begins to suspect one of them of murder.
The Battle of Algiers,1966,99%,,
Modern Times,1936,98%,,The Tramp struggles to live in modern industrial society with the help of a young homeless woman.
Finding Nemo,2003,99%,,"After his son is captured in the Great Barrier Reef and taken to Sydney, a timid clownfish sets out on a journey to bring him home."
How to Train Your Dragon,2010,99%,,"As an ancient threat endangers both Vikings and dragons alike on the isle of Berk, the friendship between Hiccup, an inventive Viking, and Toothless, a Night Fury dragon, becomes the key to both species forging a new future together."
Toy Story 3,2010,98%,,"The toys are mistakenly delivered to a day-care center instead of the attic right before Andy leaves for college, and it's up to Woody to convince the other toys that they weren't abandoned and to return home."
Up,2009,98%,,"As Hollywood's Golden Age is winding down during the summer of 1969, television actor Rick Dalton and his stunt double Cliff Booth endeavor to achieve lasting success in Hollywood while meeting several colorful characters along the way."
All About Eve,1950,99%,,A seemingly timid but secretly ruthless ingénue insinuates herself into the lives of an aging Broadway star and her circle of theater friends.
Godzilla Minus One,2023,99%,,A kamikaze pilot plagued by survivor's guilt seeks redemption when a giant monster he failed to kill is transformed by radiation from atomic bomb tests and lays siege to post-war Japan.
Toy Story,1995,100%,,"A cowboy doll is profoundly jealous when a new spaceman action figure supplants him as the top toy in a boy's bedroom. When circumstances separate them from their owner, the duo have to put aside their differences to return to him."
Singin' in the Rain,1952,100%,,A silent film star falls for a chorus girl just as he and his delusionally jealous screen partner are trying to make the difficult transition to talking pictures in 1920s Hollywood.
The Wrestler,2008,99%,,"A faded professional wrestler must retire, but finds his quest for a new life outside the ring a dispiriting struggle."
Spotlight,2015,97%,,"The true story of how the Boston Globe uncovered the massive scandal of child molestation and cover-up within the local Catholic Archdiocese, shaking the entire Catholic Church to its core."
A Separation,2011,99%,,A married couple are faced with a difficult decision - to improve the life of their child by moving to another country or to stay in Iran and look after a deteriorating parent who has Alzheimer's disease.
Spider-Man: Into the Spider-Verse,2018,97%,,Teen Miles Morales becomes the Spider-Man of his universe and must join with five spider-powered individuals from other dimensions to stop a threat for all realities.
12 Angry Men,1957,100%,,The jury in a New York City murder trial is frustrated by a single member whose skeptical caution forces them to more carefully consider the evidence before jumping to a hasty verdict.
The Philadelphia Story,1940,100%,,"After a rich woman's ex-husband and a tabloid-type reporter turn up just before her planned remarriage, she begins to learn the truth about herself."
Spirited Away,2001,96%,,"During her family's move to the suburbs, a sullen 10-year-old girl wanders into a world ruled by gods, witches and spirits, and where humans are changed into beasts."
Inside Out,2015,98%,,"After young Riley is uprooted from her Midwest life and moved to San Francisco, her emotions - Joy, Fear, Anger, Disgust and Sadness - conflict on how best to navigate a new city, house, and school."
The Third Man,1949,99%,,"Pulp novelist Holly Martins travels to shadowy, postwar Vienna, only to find himself investigating the mysterious death of an old friend, Harry Lime."
Coco,2017,97%,,"Aspiring musician Miguel, confronted with his family's ancestral ban on music, enters the Land of the Dead to find his great-great-grandfather, a legendary singer."
Zootopia,2016,98%,,"In a city of anthropomorphic animals, a rookie bunny cop and a cynical con artist fox must work together to uncover a conspiracy."
Sunset Boulevard,1950,98%,,A screenwriter develops a dangerous relationship with a faded film star determined to make a triumphant return.
Citizen Kane,1941,99%,,"Following the death of publishing tycoon Charles Foster Kane, reporters scramble to uncover the meaning of his final utterance: 'Rosebud.'"
"The Godfather, Part II",1974,96%,,"The early life and career of Vito Corleone in 1920s New York City is portrayed, while his son, Michael, expands and tightens his grip on the family crime syndicate."
Selma,2014,99%,,"A chronicle of Dr. Martin Luther King, Jr.'s campaign to secure equal voting rights via an epic march from Selma to Montgomery, Alabama in 1965."
Mission: Impossible - Fallout,2018,98%,,"A group of terrorists plans to detonate three plutonium cores for a simultaneous nuclear attack on different cities. Ethan Hunt, along with his IMF team, sets out to stop the carnage."
Cool Hand Luke,1967,100%,,"A laid-back Southern man is sentenced to two years in a rural prison, but refuses to conform."
Toy Story 4,2019,96%,,"When a new toy called ""Forky"" joins Woody and the gang, a road trip alongside old and new friends reveals how big the world can be for a toy."
Shoplifters,2018,99%,,"On the margins of Tokyo, a dysfunctional band of outsiders are united by loyalty, a penchant for petty theft and playful grifting. When the young son is arrested, secrets are exposed that upend their tenuous, below-the-radar existence."
Three Colors: Red,1994,100%,,A model discovers a retired judge is keen on invading people's privacy.
Annie Hall,1977,97%,,"Alvy Singer, a divorced Jewish comedian, reflects on his relationship with ex-lover Annie Hall, an aspiring nightclub singer, which ended abruptly just like his previous marriages."
Knives Out,2019,97%,,"When renowned crime novelist Harlan Thrombey is found dead at his estate just after his 85th birthday, the inquisitive and debonair Detective Benoit Blanc is mysteriously enlisted to investigate."
Let the Right One In,2008,98%,,"Follows a 12-year-old girl who lives a closed-in life after turning into a vampire, only able to go out at night. Her father does his best to provide her with the minimal amount of human blood she needs to stay alive."
Paddington 2,2017,99%,,"Paddington, now happily settled with the Brown family and a popular member of the local community, picks up a series of odd jobs to buy the perfect present for his Aunt Lucy's 100th birthday, only for the gift to be stolen."
The Wizard of Oz,1939,98%,,Abridged adaptation of the touring stage show that aired regionally to entice families to see the complete show live.
Dr. Strangelove Or: How I Learned to Stop Worrying and Love the Bomb,1964,98%,,"A mentally unstable American general orders a hydrogen bomb attack on the Soviet Union, triggering a path to global nuclear holocaust that a war room full of politicians and generals frantically tries to stop."
Jaws,1975,97%,,"When a massive killer shark unleashes chaos on a beach community off Long Island, it's up to the local police chief, a marine biologist, and an old seafarer to hunt the beast down."
M,1931,100%,,"After a breakup, New York workaholic Jessica moves to London planning on being alone. She meets Felix who causes her to reconsider finding love again."
The Lord of the Rings: The Two Towers,2002,95%,,"While Frodo and Sam edge closer to Mordor with the help of the shifty Gollum, the divided fellowship makes a stand against Sauron's new ally, Saruman, and his hordes of Isengard."
Psycho,1960,97%,,A secretary on the run for embezzlement takes refuge at a secluded California motel owned by a repressed man and his overbearing mother.
The Maltese Falcon,1941,99%,,"San Francisco private detective Sam Spade takes on a case that involves him with three eccentric criminals, a gorgeous liar and their quest for a priceless statuette, with the stakes rising after his partner is murdered."
Alien,1979,93%,,A crash-landed alien takes on the identity of a small-town Colorado doctor and slowly begins to wrestle with the moral dilemma of his secret mission on Earth.
North by Northwest,1959,97%,,"A New York City advertising executive goes on the run after being mistaken for a government agent by a group of foreign spies, and falls for a woman whose loyalties he begins to doubt."
The Holdovers,2023,97%,,"In 1970, a curmudgeonly history teacher at a New England boarding school remains on campus during Christmas break to supervise held over students, and ends up forming an unlikely bond with a brainy but damaged troublemaker."
Double Indemnity,1944,97%,,"An insurance representative is seduced by a dissatisfied housewife into a scheme of insurance fraud and murder that arouses the suspicion of his colleague, a claims investigator."
It Happened One Night,1934,98%,,A rogue reporter trailing a runaway heiress for a big story joins her on a bus heading from Florida to New York and they end up stuck with each other when the bus leaves them behind at one of the stops along the way.
The Wild Robot,2024,96%,,"After a shipwreck, an intelligent robot called Roz is stranded on an uninhabited island. To survive the harsh environment, Roz bonds with the island's animals and cares for an orphaned baby goose."
All About My Mother,1999,98%,,"A comedy-drama about a bereaved mother, an overwrought actress, her jealous lover, and a pregnant nun."
The Kid,1921,100%,,"The Tramp cares for an abandoned child, but events put their relationship in jeopardy."
Bicycle Thieves,1948,99%,,"In post-war Italy, a working-class man's bicycle is stolen, endangering his efforts to find work. He and his son set out to find it."
Short Term 12,2013,98%,,A 20-something supervising staff member of a residential treatment facility navigates the troubled waters of that world alongside her co-worker and longtime boyfriend.
Get Out,2017,98%,,"A young African-American visits his white girlfriend's parents for the weekend, where his simmering uneasiness about their reception of him eventually reaches a boiling point."
The 400 Blows,1959,99%,,"A young boy, left without attention, delves into a life of petty crime."
Metropolis,1927,97%,,"In a futuristic city sharply divided between the working class and the city planners, the son of the city's mastermind falls in love with a working-class prophet who predicts the coming of a savior to mediate their differences."
"Crouching Tiger, Hidden Dragon",2000,98%,,"Two legendary warriors, Shu Lien and Mu Bai, face a dilemma between their forbidden love and the traditions they are sworn to protect, as the modern world threatens to change everything they know."
The Wages of Fear,1953,100%,,
Grave of the Fireflies,1988,100%,,"Centers on the struggle of two orphaned Japanese children, 14 year-old Seita and his four year-old sister Setsuko, during World War II."
Argo,2012,96%,,"Acting under the cover of a Hollywood producer scouting a location for a science fiction film, a CIA agent launches a dangerous operation to rescue six Americans in Tehran during the U.S. hostage crisis in Iran in 1979."
Portrait of a Lady on Fire,2019,97%,,
Mission: Impossible - Dead Reckoning Part One,2023,96%,,Ethan Hunt and his IMF team must track down a dangerous weapon before it falls into the wrong hands.
Before Sunrise,1995,100%,,"A young man and woman meet on a train in Europe, and wind up spending one evening together in Vienna. Unfortunately, both know that this will probably be their only night together."
The Last Picture Show,1971,98%,,"In 1951, a group of high schoolers come of age in a bleak, isolated, atrophied North Texas town that is slowly dying, both culturally and economically."
The Dark Knight,2008,94%,,"When a menace known as the Joker wreaks havoc and chaos on the people of Gotham, Batman, James Gordon and Harvey Dent must work together to put an end to the madness."
Mad Max: Fury Road,2015,97%,,"In a post-apocalyptic wasteland, a woman rebels against a tyrannical ruler in search for her homeland with the aid of a group of female prisoners, a psychotic worshipper and a drifter named Max."
The Treasure of the Sierra Madre,1948,100%,,
The Big Sick,2017,98%,,"Pakistan-born comedian Kumail Nanjiani and grad student Emily Gardner fall in love but struggle as their cultures clash. When Emily contracts a mysterious illness, Kumail finds himself forced to face her feisty parents, his family's expectations, and his true feelings."
"The Good, the Bad and the Ugly",1966,97%,,A cemetery keeper and security guard team up to foil the activities of a syndicate that made the cemetery their hideout..
Tampopo,1985,100%,,A truck driver stops at a small family-run noodle shop and decides to help its fledgling business. The story is intertwined with various vignettes about the relationship of love and food.
The Gold Rush,1925,98%,,"A prospector goes to the Klondike during the 1890s gold rush in hopes of making his fortune, and is smitten with a girl he sees in a dance hall."
A Hard Day's Night,1964,98%,,A behind the scenes look at making a big television commercial.
Your Name,2016,98%,,"Two teenagers share a profound, magical connection upon discovering they are swapping bodies. Things manage to become even more complicated when the boy and girl decide to meet in person."
The Pianist,2002,95%,,"During WWII, acclaimed Polish musician Wladyslaw faces various struggles as he loses contact with his family. As the situation worsens, he hides in the ruins of Warsaw in order to survive."
Tokyo Story,1953,100%,,"An old couple visit their children and grandchildren in the city, but receive little attention."
Harry Potter and the Deathly Hallows: Part 2,2011,96%,,"As the battle between the forces of good and evil in the wizarding world escalates, Harry Potter draws ever closer to his final confrontation with Voldemort."
Pather Panchali,1955,98%,,"Impoverished priest Harihar Ray, dreaming of a better life for himself and his family, leaves his rural Bengal village in search of work."
The Best Years of Our Lives,1946,98%,,"Three World War II veterans, two of them traumatized or disabled, return home to the American Midwest to discover that they and their families have been irreparably changed."
Kind Hearts and Coronets,1949,100%,,A distant poor relative of the Duke D'Ascoyne plots to inherit the title by murdering the eight other heirs who stand ahead of him in the line of succession.
All Quiet on the Western Front,1930,98%,,"A German youth eagerly enters World War I, but his enthusiasm wanes as he gets a firsthand view of the horror."
Spider-Man: Across the Spider-Verse,2023,95%,,"Traveling across the multiverse, Miles Morales meets a new team of Spider-People, made up of heroes from different dimensions. But when the heroes clash over how to deal with a new threat, Miles finds himself at a crossroads."
Once,2007,97%,,"A modern-day musical about a busker and an immigrant and their eventful week in Dublin, as they write, rehearse and record songs that tell their love story."
Witness for the Prosecution,1957,100%,,A veteran British barrister must defend his client in a murder trial that has surprise after surprise.
His Girl Friday,1940,99%,,"When a newspaper editor's ace reporter ex-wife is about to quit her job and remarry, he buys himself time to win her back by promising her an exclusive interview with a death row convict."
The Shop Around the Corner,1940,99%,,"Two employees at a gift shop can barely stand each other, without realizing that they are falling in love through the post as each other's anonymous pen pal."
Nights of Cabiria,1957,100%,,A waifish prostitute wanders the streets of Rome looking for true love but finds only heartbreak.
Laura,1944,100%,,A police detective falls in love with the woman whose murder he is investigating.
Fanny and Alexander,1982,100%,,"Two young Swedish children in the 1900s experience the many comedies and tragedies of their lively and affectionate theatrical family, the Ekdahls."
The Social Network,2010,96%,,"As Harvard student Mark Zuckerberg creates the social networking site that would become known as Facebook, he is sued by the twins who claimed he stole their idea and by the co-founder who was later squeezed out of the business."
Stalker,1979,100%,,A guide leads two men through an area known as the Zone to find a room that grants wishes.
A Man Escaped,1956,100%,,A captured French Resistance fighter during World War II engineers a daunting escape from a German prison in France.
Army of Shadows,1969,97%,,An account of underground resistance fighters in Nazi-occupied France.
"Rome, Open City",1945,100%,,"During the Nazi occupation of Rome in 1944, the Resistance leader, Giorgio Manfredi, is chased by the Nazis as he seeks refuge and a way to escape."
Good Will Hunting,1997,97%,,"A therapist counsels Will Hunting, a janitor with a genius IQ."
La Strada,1954,98%,,"A care-free girl is sold to a traveling entertainer, consequently enduring physical and emotional pain along the way."
Goodfellas,1990,94%,,"The story of Henry Hill and his life in the mafia, covering his relationship with his wife Karen and his mob partners Jimmy Conway and Tommy DeVito."
Rebecca,1940,98%,,"A young newlywed arrives at her husband's imposing family estate on a windswept English coast and finds herself battling the shadow of his first wife, Rebecca, whose legacy lives on in the house long after her death."
The Silence of the Lambs,1991,95%,,"A young F.B.I. cadet must receive the help of an incarcerated and manipulative cannibal killer to help catch another serial killer, a madman who skins his victims."
The Terminator,1984,100%,,A cyborg assassin from the future attempts to find and kill a young woman who is destined to give birth to a warrior that will lead a resistance to save humankind from extinction.
Ikiru,1952,98%,,A bureaucrat tries to find meaning in his life after he discovers he has terminal cancer.
Le Samouraï,1967,92%,,"After professional hitman Jef Costello is seen by witnesses, his efforts to provide himself an alibi drive him further into a corner."
Beauty and the Beast,1991,95%,,"To save her father, a girl who always puts others before herself promises to live her life in a lavish castle with a strange beast."
Anatomy of a Murder,1959,100%,,An upstate Michigan lawyer defends a soldier who claims he killed an innkeeper due to temporary insanity after the victim raped his wife. What is the truth and will he win his case?
"Monsters, Inc.",2001,96%,,"In order to power the city, monsters have to scare children so that they scream. However, the children are toxic to the monsters, and after a child gets through, two monsters realize things may not be what they think."
Eighth Grade,2018,99%,,An introverted teenage girl tries to survive the last week of her disastrous eighth grade year before leaving to start high school.
12 Years a Slave,2013,95%,,"In the antebellum United States, Solomon Northup, a free black man from upstate New York, is abducted and sold into slavery."
Pan's Labyrinth,2006,95%,,"In 1944 Spain, a girl is sent to live with her ruthless stepfather. During the night, she meets a fairy who takes her to an old faun. He tells her she's a princess, but must prove her royalty by surviving three gruesome tasks."
The Lady Eve,1941,99%,,"A trio of classy card sharks targets a socially awkward brewery heir, until one of them falls in love with him."
Hunt for the Wilderpeople,2016,97%,,A national manhunt is ordered for a rebellious kid and his foster uncle who go missing in the wild New Zealand bush.
007: Goldfinger,1964,99%,,"While investigating a gold magnate's smuggling, James Bond uncovers a plot to contaminate the Fort Knox gold reserve."
Lady Bird,2017,99%,,"A fiercely independent teenager tries to make her own way in the world while wanting to get out of her hometown of Sacramento, California, and to get away from her complicated mother and recently-unemployed father."
Persepolis,2007,96%,,A precocious and outspoken Iranian girl grows up during the Islamic Revolution.
Star Trek,2009,94%,,The brash James T. Kirk tries to live up to his father's legacy with Mr. Spock keeping him in check as a vengeful Romulan from the future creates black holes to destroy the Federation one planet at a time.
Hell or High Water,2016,97%,,"Toby is a divorced father who's trying to make a better life. His brother is an ex-con with a short temper and a loose trigger finger. Together, they plan a series of heists against the bank that's about to foreclose on their family ranch."
Memento,2000,94%,,A former insurance investigator who now suffers from anterograde amnesia uses notes and tattoos to hunt down his wife's murderer.
Catch Me if You Can,2002,96%,,"Barely 17 yet, Frank is a skilled forger who has passed as a doctor, lawyer and pilot. FBI agent Carl becomes obsessed with tracking down the con man, who only revels in the pursuit."
Star Wars: Episode IV - A New Hope,1977,94%,,Deleted scenes from Star Wars: Episode IV - A New Hope (1977).
Shadow of a Doubt,1943,100%,,"A teenage girl, overjoyed when her uncle comes to visit the family in their quiet California town, slowly begins to suspect that he is the ""Merry Widow"" killer sought by the authorities."
Mr. Smith Goes to Washington,1939,97%,,"A naive youth leader is appointed to fill a vacancy in the U.S. Senate. His idealistic plans promptly collide with corruption at home and subterfuge from his hero in Washington, but he tries to forge ahead despite attacks on his character."
Ratatouille,2007,96%,,A rat who can cook makes an unusual alliance with a young kitchen worker at a famous Paris restaurant.
Brooklyn,2015,97%,,"An Irish immigrant lands in 1950s Brooklyn, where she quickly falls into a romance with a local. When her past catches up with her, however, she must choose between two countries and the lives that exist within."
Saving Private Ryan,1998,94%,,"Following the Normandy Landings, a group of U.S. soldiers go behind enemy lines to retrieve a paratrooper whose comrades have been killed in action."
The Lavender Hill Mob,1951,100%,,A meek bank clerk who oversees the shipment of bullion joins with an eccentric neighbor to steal gold bars and smuggle them out of the country as miniature Eiffel Towers.
Raiders of the Lost Ark,1981,94%,,"In 1936, archaeologist Indiana Jones is tasked by Army Intelligence to help locate a legendary ancient power, the Ark of Covenant, before the Nazis get it first."
WALL-E,2008,95%,,"After the death of her husband, Tabatha- a young, tattooed, rebellious horse trainer- wrestles with financial insecurity and unresolved grief while providing refuge for a group of wayward teenagers on her broken-down ranch in the Badlands."
I Am Cuba,1964,100%,,Four vignettes about the lives of the Cuban people set during the pre-revolutionary era.
Maria Full of Grace,2004,97%,,A pregnant Colombian teenager becomes a drug mule to make some desperately-needed money for her family.
Ali: Fear Eats the Soul,1974,100%,,"A lonely widow meets a much younger Moroccan worker in a bar during a rainstorm. They fall in love, to their own surprise and to the outright shock of their families, colleagues, and drinking buddies."
The Iron Giant,1999,96%,,A young boy befriends a giant robot from outer space that a paranoid government agent wants to destroy.
The Passion of Joan of Arc,1928,98%,,
The King's Speech,2010,94%,,"The story of King George VI, his unexpected ascension to the throne of the British Empire in 1936, and the speech therapist who helped the unsure monarch overcome his stammer."
Spider-Man: No Way Home,2021,93%,,"With Spider-Man's identity now revealed, Peter asks Doctor Strange for help. When a spell goes wrong, dangerous foes from other worlds start to appear."
The Bridge on the River Kwai,1957,96%,,"British POWs are forced to build a railway bridge across the river Kwai for their Japanese captors in occupied Burma, not knowing that the allied forces are planning a daring commando raid through the jungle to destroy it."
The Farewell,2019,97%,,"A Chinese family discovers their grandmother has only a short while left to live and decide to keep her in the dark, scheduling a wedding to gather before she dies."
The Adventures of Robin Hood,1938,100%,,"When Prince John and the Norman Lords begin oppressing the Saxon masses in King Richard's absence in 1190s England, a Saxon lord fights back as the outlaw leader of a resistance movement."
Whiplash,2014,94%,,A promising young drummer enrolls at a cut-throat music conservatory where his dreams of greatness are mentored by an instructor who will stop at nothing to realize a student's potential.
Meet Me in St. Louis,1944,99%,,Young love and childish fears highlight a year in the life of a turn-of-the-century family.
The Insider,1999,96%,,A research chemist comes under personal and professional attack when he decides to appear in a 60 Minutes exposé on Big Tobacco.
Monty Python and the Holy Grail,1975,92%,,"King Arthur and his Knights of the Round Table embark on a surreal, low-budget search for the Holy Grail, encountering many, very silly obstacles."
Das Boot,1981,98%,,A German U-boat stalks the frigid waters of the North Atlantic as its young crew experience the sheer terror and claustrophobic life of a submariner in World War II.
Pinocchio,1940,100%,,"A father's wish magically brings a wooden boy to life in Italy, giving him a chance to care for the child."
Star Wars: Episode V - The Empire Strikes Back,1980,93%,,"After the Empire overpowers the Rebel Alliance, Luke Skywalker begins training with Jedi Master Yoda, while Darth Vader and bounty hunter Boba Fett pursue his friends across the galaxy."
Dog Day Afternoon,1975,96%,,"Three amateur robbers plan to hold up a Brooklyn bank. A nice, simple robbery: Walk in, take the money, and run. Unfortunately, the supposedly uncomplicated heist suddenly becomes a bizarre nightmare as everything that could go wrong does."
Aladdin,1992,96%,,"Aladdin, a kind thief, woos Jasmine, the princess of Agrabah, with the help of Genie. When Jafar, the grand vizier, tries to usurp the king, Jasmine, Aladdin and Genie must stop him from succeeding."
Avengers: Endgame,2019,94%,,"After the devastating events of Avengers: Infinity War (2018), the universe is in ruins. With the help of remaining allies, the Avengers assemble once more in order to reverse Thanos' actions and restore balance to the universe."
Rashomon,1950,98%,,"The rape of a bride and the murder of her samurai husband are recalled from the perspectives of a bandit, the bride, the samurai's ghost and a woodcutter."
Touch of Evil,1958,97%,,"A Mexican official and his American wife are targeted in a Texas border town by the crime family he's trying to put behind bars for drug trafficking, as his concern grows over the tactics of the local detective whose cooperation he needs."
Iron Man,2008,94%,,"After being held captive in an Afghan cave, billionaire engineer Tony Stark creates a unique weaponized suit of armor to fight evil."
Little Women,2019,95%,,"In 19th century Massachusetts, the March sisters--Meg, Jo, Beth, and Amy--on the threshold of womanhood, go through many ups and downs in life and endeavor to make important decisions about their futures."
The Handmaiden,2016,96%,,"In 1930s Korea, a girl is hired as a handmaiden to a Japanese heiress who lives a secluded life on a countryside estate. But the maid has a secret: She is a pickpocket recruited by a swindler to help seduce the Lady and steal her fortune."
The Band's Visit,2007,98%,,"A band comprised of members of the Egyptian police force head to Israel to play at the inaugural ceremony of an Arab arts center, only to find themselves lost in the wrong town."
Ran,1985,96%,,"In Medieval Japan, an elderly warlord retires, handing over his empire to his three sons. However, he vastly underestimates how the new-found power will corrupt them and cause them to turn on each other...and him."
The Hurt Locker,2008,96%,,"During the Iraq War, a Sergeant recently assigned to an army bomb squad is put at odds with his squad mates due to his maverick way of handling his work."
The Red Shoes,1948,98%,,A young ballet dancer is torn between the man she loves and her pursuit to become a prima ballerina.
Leave No Trace,2018,100%,,"A father and his seventeen-year-old daughter are living an ideal existence in a vast urban park in Portland, Oregon when a small mistake derails their lives forever."
Casino Royale,2006,94%,,"After earning a licence to kill, secret agent James Bond sets out on his first mission as 007. Bond must defeat a private banker funding terrorists in a high-stakes game of poker at Casino Royale, in Montenegro."
Top Hat,1935,100%,,"An American dancer comes to Britain and falls for a model whom he initially annoyed, but she mistakes him for his goofy producer."
The Conformist,1970,98%,,"A weak-willed Italian man becomes a fascist flunky who goes abroad to arrange the assassination of his old teacher, now a political dissident."
The Artist,2011,95%,,"When George, a silent movie superstar, meets Peppy Miller, a dancer, sparks fly between the two. However, after the introduction of talking pictures, their fortunes change, affecting their dynamic."
Unforgiven,1992,96%,,"Retired Old West gunslinger Will Munny reluctantly takes on one last job to avenge an injustice with the help of his old partner and a young would-be gunman calling himself ""The Schofield Kid""."
King Kong,1933,97%,,"A greedy film producer assembles a team of moviemakers and sets out for the infamous Skull Island, where they find more than just cannibalistic natives."
Strangers on a Train,1951,98%,,A psychopath tries to forcibly persuade a tennis star to agree to his theory that two strangers can get away with murder by submitting to his plan to kill the other's most-hated person.
Halloween,1978,97%,,"Fifteen years after murdering his sister on Halloween night 1963, Michael Myers escapes from a mental hospital and returns to the small town of Haddonfield, Illinois, to kill again."
Paths of Glory,1957,96%,,
A Prophet,2009,96%,,"A delinquent Muslim man struggles to get by in prison until he is taken under the wing of a powerful mob boss, but his gradual rise through the organization's ranks brings him in conflict with his mentor."
Children of Paradise,1945,98%,,The theatrical life of a beautiful courtesan in 1830s Paris and the four men who love her.
Before Sunset,2004,94%,,"Nine years after Jesse and Celine first met, they encounter each other again on the French leg of Jesse's book tour."
Sunrise,1927,98%,,"Explores Panem 24 years before Katniss' saga, starting on the morning of the reaping for the 50th Hunger Games, where a young Haymitch Abernathy participates."
Quiz Show,1994,97%,,"A young lawyer, Richard Goodwin, investigates a potentially fixed game show. Charles Van Doren, a big time show winner, is under Goodwin's investigation."
Pulp Fiction,1994,92%,,"The lives of two mob hitmen, a boxer, a gangster and his wife, and a pair of diner bandits intertwine in four tales of violence and redemption."
A Beautiful Day in the Neighborhood,2019,95%,,"Lloyd Vogel, a cynical journalist, gets acquainted with a kind-hearted television host Fred Rogers while writing an article on him. With time, they strike an unlikely friendship."
Puss in Boots: The Last Wish,2022,95%,,"When Puss in Boots discovers that his passion for adventure has taken its toll and he has burned through eight of his nine lives, he launches an epic journey to restore them by finding the mythical Last Wish."
The LEGO Movie,2014,96%,,"An ordinary LEGO construction worker, thought to be the prophesied as ""special"", is recruited to join a quest to stop an evil tyrant from gluing the LEGO universe into eternal stasis."
Soul,2020,95%,,"Joe is a middle-school band teacher whose life hasn't quite gone the way he expected. His true passion is jazz. But when he travels to another realm to help someone find their passion, he soon discovers what it means to have soul."
One Flew Over the Cuckoo's Nest,1975,93%,,"A rebellious convict is sent to a psychiatric hospital for evaluation in 1963 Oregon, and encourages his docile companions to take more control of their lives and defy the tyrannical head nurse."
Creed,2015,95%,,"The former World Heavyweight Champion Rocky Balboa serves as a trainer and mentor to Adonis Johnson, the son of his late friend and former rival Apollo Creed."
Sweet Smell of Success,1957,98%,,A powerful Broadway columnist coerces an unscrupulous press agent into breaking up his sister's romance with a jazz musician.
La Haine,1995,96%,,24 hours in the lives of three young men in the French suburbs the day after a violent riot.
Kubo and the Two Strings,2016,97%,,
The Princess Bride,1987,96%,,"A bedridden boy's grandfather reads him the story of a farmboy-turned-pirate who encounters numerous obstacles, enemies and allies in his quest to be reunited with his true love."
Starred Up,2013,99%,,"Eric Love, 19, is locked up in prison. On his first day, he assaults another inmate and several guards. He's offered group therapy and his dad, an inmate as well, tries to talk sense into him. Can he be rehabilitated?"
John Wick: Chapter 4,2023,94%,,"John Wick uncovers a path to defeating The High Table. But before he can earn his freedom, Wick must face off against a new enemy with powerful alliances across the globe and forces that turn old friends into foes."
Eternal Sunshine of the Spotless Mind,2004,92%,,
Monsieur Lazhar,2011,98%,,"At a Montréal public grade school, an Algerian immigrant is hired to replace a popular teacher who committed suicide in her classroom. While helping his students deal with their grief, his own recent loss is revealed."
Aliens,1986,94%,,"Decades after surviving the Nostromo incident, Ellen Ripley is sent out to re-establish contact with a terraforming colony but finds herself battling the Alien Queen and her offspring."
Sideways,2004,97%,,"Two men reaching middle age with not much to show but disappointment embark on a week-long road trip through California's wine country, just as one is about to take a trip down the aisle."
The Lion King,1994,93%,,"Lion prince Simba and his father are targeted by his bitter uncle, who wants to ascend the throne himself."
Life of Brian,1979,96%,,"Born on the original Christmas in the stable next door to Jesus Christ, Brian of Nazareth spends his life being mistaken for a messiah."
Before Midnight,2013,98%,,We meet Jesse and Celine nine years on in Greece. Almost two decades have passed since their first meeting on that train bound for Vienna.
A Fistful of Dollars,1964,98%,,
Sullivan's Travels,1941,100%,,Hollywood director John L. Sullivan sets out to experience life as a homeless person in order to gain relevant life experience for his next movie.
BlacKkKlansman,2018,96%,,"In this story inspired by true events, Ron Stallworth, an African-American Colorado police officer, successfully infiltrates the local branch of the Ku Klux Klan with the help of a white Jewish colleague."
Fargo,1996,95%,,"Various chronicles of deception, intrigue, and murder in and around frozen Minnesota. All of these tales mysteriously lead back one way or another to Fargo, North Dakota."
The Grapes of Wrath,1940,100%,,
The Lost Weekend,1945,97%,,The desperate life of a chronic alcoholic is followed through a four-day drinking bout.
Sing Street,2016,95%,,"A young lad notices a beautiful girl who begins to occupy his thoughts. While struggling with poverty, personal relationships and life's woes, he starts a band, hoping to catch her attention."
Boyhood,2014,97%,,"The life of Mason, from early childhood to his arrival at college."
8 1/2,1963,97%,,A harried movie director retreats into his memories and fantasies.
Battleship Potemkin,1925,100%,,"In the midst of the Russian Revolution of 1905, the crew of the battleship Potemkin mutiny against the brutal, tyrannical regime of the vessel's officers. The resulting street demonstration in Odessa brings on a police massacre."
Marriage Story,2019,95%,,A stage director and his actor wife struggle through a grueling divorce that pushes them to their personal and creative extremes. Noah Baumbach's incisive and compassionate look at a marriage breaking up and a family staying together.
Lost in Translation,2003,95%,,A fading movie star falls for a lonely young woman in Tokyo.
The French Connection,1971,97%,,"A pair of NYPD detectives in the Narcotics Bureau stumble onto a heroin smuggling ring based in Marseilles, but stopping them and capturing their leaders proves an elusive goal."
The Lord of the Rings: The Fellowship of the Ring,2001,92%,,
Once Upon a Time in the West,1968,96%,,"The short tells the story of John Wayne, a 64-year-old man with an unknown past who constantly struggles to abandon his psychopathic habits, but, unfortunately, fails. But can he live with that? Can he live with the weight of death in his hands?"
The Lord of the Rings: The Return of the King,2003,94%,,Gandalf and Aragorn lead the World of Men against Sauron's army to draw his gaze from Frodo and Sam as they approach Mount Doom with the One Ring.
Moana,2016,95%,,"In ancient Polynesia, when a terrible curse incurred by the demigod Maui reaches Moana's island, she answers the Ocean's call to seek out Maui to set things right."
Sling Blade,1996,97%,,"Karl Childers, a simple man hospitalized since his childhood murder of his mother and her lover, is released to start a new life in a small town."
Grand Illusion,1937,97%,,"During WWI, two French soldiers are captured and imprisoned in a German P.O.W. camp. Several escape attempts follow until they are eventually sent to a seemingly inescapable fortress."
The Thin Man,1934,98%,,"Former detective Nick Charles and his wealthy wife Nora investigate a murder case, mostly for the fun of it."
The Diving Bell and the Butterfly,2007,94%,,"When Julian Schnabel decided to make a film out of of Jean-Dominique Bauby's autobiography The Diving Bell and the Butterfly, he was taking on a radical film making challenge that was both technically difficult and emotionally challenging: the story follows Bauby himself as he writes the book - even though he had been completely paralyzed by a massive stroke in the prime of his life. Join us as we look at the unusual visual and storytelling techniques employed to put the viewer inside Bauby's first-person experience - and how watching this film played very differently for us in the time of COVID-19."
The Discreet Charm of the Bourgeoisie,1972,98%,,
The Truman Show,1998,94%,,An insurance salesman begins to suspect that his whole life is actually some sort of reality TV show.
The Red Circle,1970,96%,,"After leaving prison, master thief Corey crosses paths with a notorious escapee and an alcoholic former policeman. The trio proceed to plot an elaborate heist."
Ford v Ferrari,2019,92%,,American car designer Carroll Shelby and driver Ken Miles battle corporate interference and the laws of physics to build a revolutionary race car for Ford in order to defeat Ferrari at the 24 Hours of Le Mans in 1966.
Three Colors: Blue,1993,97%,,A woman struggles to find a way to live her life after the death of her husband and child.
The Straight Story,1999,95%,,"Alvin Straight, a 73-year-old, learns that his estranged brother, Lyle is critically ill. Unable to drive, Alvin embarks on a journey from Iowa to Mt. Zion, by riding a lawn mower. Will he succeed?"
Au Hasard Balthazar,1966,100%,,The story of a mistreated donkey and the people around him. A study on saintliness and a sister piece to Bresson's Mouchette.
True Grit,2010,95%,,A stubborn teenager enlists the help of a tough U.S. Marshal to track down her father's murderer.
Room,2015,93%,,"A little boy is held captive in a room with his mother since his birth, so he has never known the world outside."
Mother,2009,96%,,A mother desperately searches for the killer who framed her son for a girl's horrific murder.
Rosemary's Baby,1968,97%,,"A young couple trying for a baby moves into an aging, ornate apartment building on Central Park West, where they find themselves surrounded by peculiar neighbors."
Local Hero,1983,100%,,"An American oil company has plans for a new refinery and sends someone to Scotland to buy up an entire village, but things don't go as expected."
Oppenheimer,2023,93%,,"A dramatization of the life story of J. Robert Oppenheimer, the physicist who had a large hand in the development of the atomic bombs that brought an end to World War II."
Diabolique,1955,95%,,The wife and mistress of a loathed school principal plan to murder him with what they believe is the perfect alibi.
Logan,2017,93%,,"In a future where mutants are nearly extinct, an elderly and weary Logan leads a quiet life. But when Laura, a mutant child pursued by scientists, comes to him for help, he must get her to safety."
Playtime,1967,98%,,"Monsieur Hulot curiously wanders around a high-tech Paris, paralleling a trip with a group of American tourists. Meanwhile, a nightclub/restaurant prepares its opening night, but it's still under construction."
A Quiet Place,2018,96%,,A family struggles for survival in a world invaded by blind alien creatures with ultra-sensitive hearing.
A Night at the Opera,1935,97%,,A sly business manager and the wacky friends of two opera singers in Italy help them achieve success in America while humiliating their stuffy and snobbish enemies.
Tim Burton's The Nightmare Before Christmas,1993,95%,,"Jack Skellington, king of Halloween Town, discovers Christmas Town, but his attempts to bring Christmas to his home causes confusion."
In the Mood for Love,2000,92%,,Two people have a chance encounter in a convenience store.
In the Heat of the Night,1967,96%,,"The cases and adventures of the police forces in and around Sparta, Mississippi."
Hidden Figures,2016,93%,,Three female African-American mathematicians play a pivotal role in astronaut John Glenn's launch into orbit while dealing with racial and gender discrimination.
Umberto D,1952,98%,,An elderly man and his dog struggle to survive on his government pension in Rome.
My Left Foot,1989,98%,,"Christy Brown, born with cerebral palsy, learns to paint and write with his only controllable limb - his left foot."
Bringing Up Baby,1938,97%,,"While trying to secure a $1 million donation for his museum, a befuddled paleontologist is pursued by a flighty and often irritating heiress and her pet leopard, Baby."
Sense and Sensibility,1995,97%,,"Rich Mr. Dashwood dies, leaving his second wife and her three daughters poor by the rules of inheritance. The older two daughters are the title opposites."
Call Me by Your Name,2017,95%,,"In the summer of 1983, 17-year-old Elio is spending the days with his family at their villa in Lombardy, Italy. He soon meets 24-year-old Oliver, an intern working for Elio's father. They discover the heady beauty of awakening desire."
Air,2023,93%,,The history of the game-changing partnership between a then undiscovered Michael Jordan and Nike's fledgling basketball division which revolutionized the world of sports and culture with the Air Jordan brand.
Brazil,1985,98%,,A bureaucrat in a dystopic society becomes an enemy of the state as he pursues the woman of his dreams.
Dune: Part Two,2024,92%,,"Paul Atreides unites with the Fremen while on a warpath of revenge against the conspirators who destroyed his family. Facing a choice between the love of his life and the fate of the universe, he endeavors to prevent a terrible future."
Shaun of the Dead,2004,92%,,"The uneventful, aimless lives of a London electronics salesman and his layabout roommate are disrupted by the zombie apocalypse."
Yojimbo,1961,96%,,
The Sting,1973,93%,,Two grifters team up to pull off the ultimate con.
Roman Holiday,1953,96%,,A bored and sheltered princess escapes her guardians and falls in love with an American newsman in Rome.
The Departed,2006,91%,,An undercover cop and a mole in the police attempt to identify each other while infiltrating an Irish gang in South Boston.
Boyz N the Hood,1991,96%,,"Follows the lives of three young males living in the Crenshaw ghetto of Los Angeles, dissecting questions of race, relationships, violence, and future prospects."
Lawrence of Arabia,1962,93%,,"The story of T.E. Lawrence, the English officer who successfully united and led the diverse, often warring, Arab tribes during World War I in order to fight the Turks."
The Manchurian Candidate,1962,97%,,An American POW in the Korean War is brainwashed as an unwitting assassin for an international Communist conspiracy.
Day for Night,1973,98%,,"A committed film director struggles to complete his movie while coping with a myriad of crises, personal and professional, among the cast and crew."
Badlands,1973,97%,,"An impressionable teenage girl from a dead-end town, and her older greaser boyfriend, embark on a killing spree in the South Dakota Badlands."
Amores perros,2000,93%,,"An amateur dog fighter, a supermodel, and a derelict assassin, all separately struggling to find love, find their lives transformed by a devastating car wreck in Mexico City."
The Triplets of Belleville,2003,94%,,"When her grandson is kidnapped during the Tour de France, Madame Souza and her beloved pooch Bruno team up with the Belleville Sisters--an aged song-and-dance team from the days of Fred Astaire--to rescue him."
It's a Wonderful Life,1946,94%,,George is sick of seeing the film It's A Wonderful Life on every channel this time of year. He wishes the film was never made. An angel appears and grants him that wish. He discovers how horrible the world would be if the film It's A Wonderful Life never existed in the first place.
The Lives of Others,2006,92%,,
Some Like It Hot,1959,95%,,"After two male musicians witness a mob hit, they flee the state in an all-female band disguised as women, but further complications set in."
Princess Mononoke,1997,93%,,"While seeking to cure himself of a curse, young warrior Ashitaka stumbles into a conflict between the people of Iron Town and Princess Mononoke, a girl raised by wolves, who will stop at nothing to prevent the destruction of her home."
Guardians of the Galaxy,2014,92%,,A group of intergalactic criminals must pull together to stop a fanatical warrior with plans to purge the universe.
The Bourne Ultimatum,2007,92%,,Jason Bourne dodges a ruthless C.I.A. official and his Agents from a new assassination program while searching for the origins of his life as a trained killer.
Almost Famous,2000,91%,,A high-school boy in the early 1970s is given the chance to write a story for Rolling Stone magazine about an up-and-coming rock band as he accompanies them on their concert tour.
Young Frankenstein,1974,95%,,"An American grandson of the infamous scientist, struggling to prove that his grandfather was not as insane as people believe, is invited to Transylvania, where he discovers the process that reanimates a dead body."
Back to the Future,1985,93%,,"Marty McFly, a 17-year-old high school student, is accidentally sent 30 years into the past in a time-traveling DeLorean invented by his close friend, the maverick scientist Doc Brown."
This Is Spinal Tap,1984,96%,,"Spinal Tap, one of England's loudest bands, is chronicled by film director Marty DiBergi on what proves to be a fateful tour."
Wild Tales,2014,94%,,Six short stories that explore the extremities of human behavior involving people in distress.
Die Hard,1988,94%,,"A New York City cop, John McClane, tries to save his estranged wife and several others taken hostage by terrorists during a Christmas Eve party at the Nakatomi Plaza Skyscraper in Los Angeles, California."
Aguirre: The Wrath of God,1972,96%,,
To Be or Not to Be,1942,96%,,"During the German occupation of Poland, an acting troupe becomes embroiled in a Polish soldier's efforts to track down a German spy."
The Apartment,1960,93%,,"A Manhattan insurance clerk tries to rise in his company by letting its executives use his apartment for trysts, but office politics and his own romantic hopes complicate matters."
City of God,2002,91%,,"In the slums of Rio, two kids' paths diverge as one struggles to become a photographer and the other a kingpin."
White Heat,1949,94%,,A psychopathic criminal with a mother complex makes a daring break from prison and leads his old gang in a chemical plant payroll heist.
The Big Sleep,1946,96%,,"Private detective Philip Marlowe is hired by a wealthy family. Before the complex case is over, he's seen murder, blackmail--and what might be love."
Andrei Rublev,1966,96%,,"The life, times and afflictions of the fifteenth-century Russian iconographer St. Andrei Rublev."
City Lights,1931,95%,,"With the aid of a wealthy erratic tippler, a dewy-eyed tramp who has fallen in love with a sightless flower girl accumulates money to be able to help her medically."
Being There,1979,95%,,"After the death of his employer forces him out of the only home he's ever known, a simpleminded, sheltered gardener becomes an unlikely trusted advisor to a powerful tycoon and an insider in Washington politics."
Hotel Rwanda,2004,91%,,"Paul Rusesabagina, a hotel manager, houses over a thousand Tutsi refugees during their struggle against the Hutu militia in Rwanda, Africa."
Shang-Chi and the Legend of the Ten Rings,2021,92%,,"Shang-Chi, the master of weaponry-based Kung Fu, is forced to confront his past after being drawn into the Ten Rings organization."
Breathless,1959,95%,,"A small-time crook, hunted by the authorities for a car theft and the murder of a police officer, attempts to persuade a hip American journalism student to run away with him to Italy."
Wings of Desire,1987,95%,,"An angel tires of his purely ethereal life of merely overseeing the human activity of Berlin's residents, and longs for the tangible joys of physical existence when he falls in love with a mortal."
Marvel's the Avengers,2012,91%,,Earth's mightiest heroes must come together and learn to fight as a team if they are going to stop the mischievous Loki and his alien army from enslaving humanity.
Run Lola Run,1998,94%,,"After a botched money delivery, Lola has 20 minutes to come up with 100,000 Deutschmarks."
Throne of Blood,1957,96%,,"A war-hardened general, egged on by his ambitious wife, works to fulfill a prophecy that he would become lord of Spider's Web Castle."
All the President's Men,1976,94%,,"""The Washington Post"" reporters Bob Woodward and Carl Bernstein uncover the details of the Watergate scandal that leads to President Richard Nixon's resignation."
Raging Bull,1980,92%,,"The life of boxer Jake LaMotta, whose violence and temper that led him to the top in the ring destroyed his life outside of it."
Spider-Man: Far From Home,2019,91%,,"Peter Parker, the beloved superhero Spider-Man, faces four destructive elemental monsters while on holiday in Europe. Soon, he receives help from Mysterio, a fellow hero with mysterious origins."
The Hidden Fortress,1958,96%,,"Lured by gold, two greedy peasants unknowingly escort a princess and her general across enemy lines."
Apocalypse Now,1979,90%,,A U.S. Army officer serving in Vietnam is tasked with assassinating a renegade Special Forces Colonel who sees himself as a god.
Beauty and the Beast,1946,96%,,"To save her father, a girl who always puts others before herself promises to live her life in a lavish castle with a strange beast."
The Killing,1956,96%,,"A police investigation, the saga of a grieving family, and a Seattle mayoral campaign all interlock after the body of 17-year-old Rosie Larsen is found in the trunk of a submerged car."
Amélie,2001,90%,,"Despite being caught in her imaginative world, young waitress Amelie decides to help people find happiness. Her quest to spread joy leads her on a journey during which she finds true love."
"Steamboat Bill, Jr.",1928,96%,,The effete son of a cantankerous riverboat captain comes to join his father's crew.
Central Station,1998,94%,,"The emotive journey of a former schoolteacher who writes letters for illiterate people, and a young boy whose mother has just died, as they search for the father he never knew."
Taxi Driver,1976,89%,,"A mentally unstable veteran works as a nighttime taxi driver in New York City, where the perceived decadence and sleaze fuels his urge for violent action."
